Transaction Size (bytes),Number of Transactions,Architecture,RISC-V Processor,Run Host ID,Loopback,Latency (cycles),Bandwidth (bytes/cycle)
64,110,blackhole,riscv_0,0,true,5427.0,1.297217615625576
128,110,blackhole,riscv_0,1024,true,5430.0,2.593001841620626
256,110,blackhole,riscv_0,2048,true,5431.0,5.185048793960597
512,110,blackhole,riscv_0,3072,true,5435.0,10.362465501379944
1024,110,blackhole,riscv_0,4096,true,5435.0,20.724931002759888
2048,110,blackhole,riscv_0,5120,true,5456.0,41.29032258064516
4096,110,blackhole,riscv_0,6144,true,7689.0,58.59799713876967
8192,110,blackhole,riscv_0,7168,true,14870.0,60.59986550100874
16384,110,blackhole,riscv_0,8192,true,29293.0,61.52459631993992
32768,110,blackhole,riscv_0,9216,true,58326.0,61.79885471316394
65536,110,blackhole,riscv_0,10240,true,116008.0,62.14192124681056
64,440,blackhole,riscv_0,11264,true,16759.0,1.6802911868249895
128,440,blackhole,riscv_0,12288,true,16760.0,3.360381861575179
256,440,blackhole,riscv_0,13312,true,16755.0,6.722769322590271
512,440,blackhole,riscv_0,14336,true,16754.0,13.446341172257371
1024,440,blackhole,riscv_0,15360,true,16783.0,26.846213430256807
2048,440,blackhole,riscv_0,16384,true,16799.0,53.641288171914994
4096,440,blackhole,riscv_0,17408,true,29496.0,61.10116625983184
8192,440,blackhole,riscv_0,18432,true,58372.0,61.75015418351264
16384,440,blackhole,riscv_0,19456,true,115842.0,62.23096976916835
32768,440,blackhole,riscv_0,20480,true,231020.0,62.409834646350966
65536,440,blackhole,riscv_0,21504,true,461960.0,62.420642479868384
64,1760,blackhole,riscv_0,22528,true,57666.0,1.9533173793916692
128,1760,blackhole,riscv_0,23552,true,57689.0,3.905077224427534
256,1760,blackhole,riscv_0,24576,true,57676.0,7.811914834593245
512,1760,blackhole,riscv_0,25600,true,57689.0,15.620308897710135
1024,1760,blackhole,riscv_0,26624,true,57705.0,31.23195563642665
2048,1760,blackhole,riscv_0,27648,true,62862.0,57.3395692151061
4096,1760,blackhole,riscv_0,28672,true,116574.0,61.840204505292775
8192,1760,blackhole,riscv_0,29696,true,231823.0,62.193656367142175
16384,1760,blackhole,riscv_0,30720,true,464410.0,62.091341702375054
32768,1760,blackhole,riscv_0,31744,true,924312.0,62.39416993396169
65536,1760,blackhole,riscv_0,32768,true,1846145.0,62.47795270685672
64,7040,blackhole,riscv_0,33792,true,221354.0,2.035472591414657
128,7040,blackhole,riscv_0,34816,true,221350.0,4.071018748588209
256,7040,blackhole,riscv_0,35840,true,221352.0,8.141963930752828
512,7040,blackhole,riscv_0,36864,true,221348.0,16.284222129858865
1024,7040,blackhole,riscv_0,37888,true,221363.0,32.56623735673983
2048,7040,blackhole,riscv_0,38912,true,245759.0,58.666905382915786
4096,7040,blackhole,riscv_0,39936,true,465300.0,61.9725768321513
8192,7040,blackhole,riscv_0,40960,true,926025.0,62.27875057368861
16384,7040,blackhole,riscv_0,41984,true,1846495.0,62.466110116734676
32768,7040,blackhole,riscv_0,43008,true,3703592.0,62.28729298475642
65536,7040,blackhole,riscv_0,44032,true,7385071.0,62.47379883009926
64,28160,blackhole,riscv_0,45056,true,876060.0,2.057210693331507
128,28160,blackhole,riscv_0,46080,true,876075.0,4.114350940273378
256,28160,blackhole,riscv_0,47104,true,876079.0,8.228664309953782
512,28160,blackhole,riscv_0,48128,true,876059.0,16.457704332699052
1024,28160,blackhole,riscv_0,49152,true,876080.0,32.91461966943658
2048,28160,blackhole,riscv_0,50176,true,978259.0,58.95338555535906
4096,28160,blackhole,riscv_0,51200,true,1864299.0,61.86956062305456
8192,28160,blackhole,riscv_0,52224,true,3703387.0,62.29074088125276
16384,28160,blackhole,riscv_0,53248,true,7384900.0,62.47524543324893
32768,28160,blackhole,riscv_0,54272,true,14765196.0,62.49472611132287
65536,28160,blackhole,riscv_0,55296,true,29714076.0,62.10840141891001
64,109,blackhole,riscv_0,56320,false,5222.0,1.335886633473765
128,109,blackhole,riscv_0,57344,false,5228.0,2.668706962509564
256,109,blackhole,riscv_0,58368,false,5227.0,5.338435048785154
512,109,blackhole,riscv_0,59392,false,5238.0,10.654448262695686
1024,109,blackhole,riscv_0,60416,false,5230.0,21.3414913957935
2048,109,blackhole,riscv_0,61440,false,5256.0,42.471841704718415
4096,109,blackhole,riscv_0,62464,false,7483.0,59.66377121475344
8192,109,blackhole,riscv_0,63488,false,14633.0,61.02152668625709
16384,109,blackhole,riscv_0,64512,false,28883.0,61.83069625731399
32768,109,blackhole,riscv_0,65536,false,57518.0,62.09729128272888
65536,109,blackhole,riscv_0,66560,false,114774.0,62.239043685852195
64,436,blackhole,riscv_0,67584,false,16455.0,1.6957763597690672
128,436,blackhole,riscv_0,68608,false,16461.0,3.3903165056800924
256,436,blackhole,riscv_0,69632,false,16454.0,6.783517685669138
512,436,blackhole,riscv_0,70656,false,16453.0,13.56785996474807
1024,436,blackhole,riscv_0,71680,false,16475.0,27.09948406676783
2048,436,blackhole,riscv_0,72704,false,16493.0,54.13981689201479
4096,436,blackhole,riscv_0,73728,false,29034.0,61.50912723014397
8192,436,blackhole,riscv_0,74752,false,57588.0,62.021810099326245
16384,436,blackhole,riscv_0,75776,false,115078.0,62.074627643858946
32768,436,blackhole,riscv_0,76800,false,228987.0,62.391524409682646
65536,436,blackhole,riscv_0,77824,false,457748.0,62.422328442723945
64,1744,blackhole,riscv_0,78848,false,56990.0,1.9585190384277944
128,1744,blackhole,riscv_0,79872,false,57006.0,3.9159386731221275
256,1744,blackhole,riscv_0,80896,false,56990.0,7.834076153711178
512,1744,blackhole,riscv_0,81920,false,56996.0,15.666502912485086
1024,1744,blackhole,riscv_0,82944,false,57043.0,31.307189313325036
2048,1744,blackhole,riscv_0,83968,false,62163.0,57.457201229026914
4096,1744,blackhole,riscv_0,84992,false,115424.0,61.8885500415858
8192,1744,blackhole,riscv_0,86016,false,229592.0,62.22711592738423
16384,1744,blackhole,riscv_0,87040,false,457622.0,62.439515582729854
32768,1744,blackhole,riscv_0,88064,false,919839.0,62.12760276526653
65536,1744,blackhole,riscv_0,89088,false,1830288.0,62.44633849973337
64,6976,blackhole,riscv_0,90112,false,219202.0,2.036769737502395
128,6976,blackhole,riscv_0,91136,false,219192.0,4.073725318442279
256,6976,blackhole,riscv_0,92160,false,219190.0,8.147524978329303
512,6976,blackhole,riscv_0,93184,false,219187.0,16.295272986080377
1024,6976,blackhole,riscv_0,94208,false,219198.0,32.58891048275988
2048,6976,blackhole,riscv_0,95232,false,243397.0,58.69771607702642
4096,6976,blackhole,riscv_0,96256,false,462836.0,61.73611387186822
8192,6976,blackhole,riscv_0,97280,false,917820.0,62.264269682508555
16384,6976,blackhole,riscv_0,98304,false,1828654.0,62.50213763784729
32768,6976,blackhole,riscv_0,99328,false,3658115.0,62.488349327454166
65536,6976,blackhole,riscv_0,100352,false,7338306.0,62.300364143986364
64,27904,blackhole,riscv_0,101376,false,867958.0,2.057537346277124
128,27904,blackhole,riscv_0,102400,false,867963.0,4.115050987196459
256,27904,blackhole,riscv_0,103424,false,867961.0,8.2301209386136
512,27904,blackhole,riscv_0,104448,false,867959.0,16.460279805843363
1024,27904,blackhole,riscv_0,105472,false,867975.0,32.919952763616465
2048,27904,blackhole,riscv_0,106496,false,968863.0,58.98397606266314
4096,27904,blackhole,riscv_0,107520,false,1842166.0,62.043694216482116
8192,27904,blackhole,riscv_0,108544,false,3677039.0,62.16675101895846
16384,27904,blackhole,riscv_0,109568,false,7316428.0,62.486658243612865
32768,27904,blackhole,riscv_0,110592,false,14631123.0,62.49405954689876
65536,27904,blackhole,riscv_0,111616,false,29260732.0,62.49729309574347
